EAN,SKU,Titolo,Descrizione prodotto,Link Immagine,Prezzo,Quantit√†
1234567861873,SKU00000,Prodotto 1,Descrizione del prodotto 1,http://example.com/immagini/prodotto1.jpg,946.42,34
1234567878818,SKU00001,Prodotto 2,Descrizione del prodotto 2,http://example.com/immagini/prodotto2.jpg,540.82,1
1234567849999,SKU00002,Prodotto 3,Descrizione del prodotto 3,http://example.com/immagini/prodotto3.jpg,328.79,26
1234567803261,SKU00003,Prodotto 4,Descrizione del prodotto 4,http://example.com/immagini/prodotto4.jpg,943.78,11
1234567800159,SKU00004,Prodotto 5,Descrizione del prodotto 5,http://example.com/immagini/prodotto5.jpg,249.45,24
1234567837765,SKU00005,Prodotto 6,Descrizione del prodotto 6,http://example.com/immagini/prodotto6.jpg,811.11,10
1234567899386,SKU00006,Prodotto 7,Descrizione del prodotto 7,http://example.com/immagini/prodotto7.jpg,736.71,90
1234567840795,SKU00007,Prodotto 8,Descrizione del prodotto 8,http://example.com/immagini/prodotto8.jpg,451.49,76
1234567851102,SKU00008,Prodotto 9,Descrizione del prodotto 9,http://example.com/immagini/prodotto9.jpg,296.44,33
1234567890972,SKU00009,Prodotto 10,Descrizione del prodotto 10,http://example.com/immagini/prodotto10.jpg,173.85,95
1234567820651,SKU00010,Prodotto 11,Descrizione del prodotto 11,http://example.com/immagini/prodotto11.jpg,134.71,9
1234567813288,SKU00011,Prodotto 12,Descrizione del prodotto 12,http://example.com/immagini/prodotto12.jpg,766.19,33
1234567873637,SKU00012,Prodotto 13,Descrizione del prodotto 13,http://example.com/immagini/prodotto13.jpg,325.54,15
1234567844002,SKU00013,Prodotto 14,Descrizione del prodotto 14,http://example.com/immagini/prodotto14.jpg,144.59,60
1234567870851,SKU00014,Prodotto 15,Descrizione del prodotto 15,http://example.com/immagini/prodotto15.jpg,801.47,46
1234567831116,SKU00015,Prodotto 16,Descrizione del prodotto 16,http://example.com/immagini/prodotto16.jpg,39.0,7
1234567896828,SKU00016,Prodotto 17,Descrizione del prodotto 17,http://example.com/immagini/prodotto17.jpg,485.94,22
1234567883463,SKU00017,Prodotto 18,Descrizione del prodotto 18,http://example.com/immagini/prodotto18.jpg,839.1,55
1234567830373,SKU00018,Prodotto 19,Descrizione del prodotto 19,http://example.com/immagini/prodotto19.jpg,243.44,83
1234567896380,SKU00019,Prodotto 20,Descrizione del prodotto 20,http://example.com/immagini/prodotto20.jpg,304.01,12
1234567858374,SKU00020,Prodotto 21,Descrizione del prodotto 21,http://example.com/immagini/prodotto21.jpg,473.62,48
1234567893982,SKU00021,Prodotto 22,Descrizione del prodotto 22,http://example.com/immagini/prodotto22.jpg,346.58,13
1234567889121,SKU00022,Prodotto 23,Descrizione del prodotto 23,http://example.com/immagini/prodotto23.jpg,843.33,68
1234567800061,SKU00023,Prodotto 24,Descrizione del prodotto 24,http://example.com/immagini/prodotto24.jpg,870.71,66
1234567840502,SKU00024,Prodotto 25,Descrizione del prodotto 25,http://example.com/immagini/prodotto25.jpg,466.57,20
1234567868109,SKU00025,Prodotto 26,Descrizione del prodotto 26,http://example.com/immagini/prodotto26.jpg,754.2,9
1234567827863,SKU00026,Prodotto 27,Descrizione del prodotto 27,http://example.com/immagini/prodotto27.jpg,144.77,49
1234567892084,SKU00027,Prodotto 28,Descrizione del prodotto 28,http://example.com/immagini/prodotto28.jpg,901.41,91
1234567887543,SKU00028,Prodotto 29,Descrizione del prodotto 29,http://example.com/immagini/prodotto29.jpg,486.17,56
1234567853701,SKU00029,Prodotto 30,Descrizione del prodotto 30,http://example.com/immagini/prodotto30.jpg,708.92,88
1234567854431,SKU00030,Prodotto 31,Descrizione del prodotto 31,http://example.com/immagini/prodotto31.jpg,653.73,44
1234567810031,SKU00031,Prodotto 32,Descrizione del prodotto 32,http://example.com/immagini/prodotto32.jpg,945.47,56
1234567884590,SKU00032,Prodotto 33,Descrizione del prodotto 33,http://example.com/immagini/prodotto33.jpg,58.57,1
1234567882065,SKU00033,Prodotto 34,Descrizione del prodotto 34,http://example.com/immagini/prodotto34.jpg,663.68,59
1234567801491,SKU00034,Prodotto 35,Descrizione del prodotto 35,http://example.com/immagini/prodotto35.jpg,605.68,35
1234567886055,SKU00035,Prodotto 36,Descrizione del prodotto 36,http://example.com/immagini/prodotto36.jpg,317.3,58
1234567877754,SKU00036,Prodotto 37,Descrizione del prodotto 37,http://example.com/immagini/prodotto37.jpg,957.36,5
1234567871709,SKU00037,Prodotto 38,Descrizione del prodotto 38,http://example.com/immagini/prodotto38.jpg,697.64,28
1234567851521,SKU00038,Prodotto 39,Descrizione del prodotto 39,http://example.com/immagini/prodotto39.jpg,515.63,46
1234567852635,SKU00039,Prodotto 40,Descrizione del prodotto 40,http://example.com/immagini/prodotto40.jpg,591.04,77
1234567851993,SKU00040,Prodotto 41,Descrizione del prodotto 41,http://example.com/immagini/prodotto41.jpg,149.01,11
1234567820624,SKU00041,Prodotto 42,Descrizione del prodotto 42,http://example.com/immagini/prodotto42.jpg,635.77,29
1234567890848,SKU00042,Prodotto 43,Descrizione del prodotto 43,http://example.com/immagini/prodotto43.jpg,812.34,14
1234567825341,SKU00043,Prodotto 44,Descrizione del prodotto 44,http://example.com/immagini/prodotto44.jpg,235.94,55
1234567896540,SKU00044,Prodotto 45,Descrizione del prodotto 45,http://example.com/immagini/prodotto45.jpg,578.0,49
1234567808082,SKU00045,Prodotto 46,Descrizione del prodotto 46,http://example.com/immagini/prodotto46.jpg,569.97,15
1234567852153,SKU00046,Prodotto 47,Descrizione del prodotto 47,http://example.com/immagini/prodotto47.jpg,519.19,85
1234567853429,SKU00047,Prodotto 48,Descrizione del prodotto 48,http://example.com/immagini/prodotto48.jpg,56.4,28
1234567836007,SKU00048,Prodotto 49,Descrizione del prodotto 49,http://example.com/immagini/prodotto49.jpg,785.62,16
1234567863634,SKU00049,Prodotto 50,Descrizione del prodotto 50,http://example.com/immagini/prodotto50.jpg,247.02,55
1234567815992,SKU00050,Prodotto 51,Descrizione del prodotto 51,http://example.com/immagini/prodotto51.jpg,357.03,59
1234567871327,SKU00051,Prodotto 52,Descrizione del prodotto 52,http://example.com/immagini/prodotto52.jpg,622.43,45
1234567867823,SKU00052,Prodotto 53,Descrizione del prodotto 53,http://example.com/immagini/prodotto53.jpg,793.28,23
1234567860048,SKU00053,Prodotto 54,Descrizione del prodotto 54,http://example.com/immagini/prodotto54.jpg,49.07,77
1234567832148,SKU00054,Prodotto 55,Descrizione del prodotto 55,http://example.com/immagini/prodotto55.jpg,580.53,55
1234567835844,SKU00055,Prodotto 56,Descrizione del prodotto 56,http://example.com/immagini/prodotto56.jpg,653.17,76
1234567861813,SKU00056,Prodotto 57,Descrizione del prodotto 57,http://example.com/immagini/prodotto57.jpg,614.5,28
1234567843098,SKU00057,Prodotto 58,Descrizione del prodotto 58,http://example.com/immagini/prodotto58.jpg,870.68,99
1234567826734,SKU00058,Prodotto 59,Descrizione del prodotto 59,http://example.com/immagini/prodotto59.jpg,209.13,5
1234567849585,SKU00059,Prodotto 60,Descrizione del prodotto 60,http://example.com/immagini/prodotto60.jpg,387.09,74
1234567845933,SKU00060,Prodotto 61,Descrizione del prodotto 61,http://example.com/immagini/prodotto61.jpg,59.08,57
1234567817247,SKU00061,Prodotto 62,Descrizione del prodotto 62,http://example.com/immagini/prodotto62.jpg,45.33,30
1234567864959,SKU00062,Prodotto 63,Descrizione del prodotto 63,http://example.com/immagini/prodotto63.jpg,847.69,90
1234567827048,SKU00063,Prodotto 64,Descrizione del prodotto 64,http://example.com/immagini/prodotto64.jpg,139.97,78
1234567881474,SKU00064,Prodotto 65,Descrizione del prodotto 65,http://example.com/immagini/prodotto65.jpg,762.83,100
1234567859199,SKU00065,Prodotto 66,Descrizione del prodotto 66,http://example.com/immagini/prodotto66.jpg,75.08,99
1234567844710,SKU00066,Prodotto 67,Descrizione del prodotto 67,http://example.com/immagini/prodotto67.jpg,463.64,51
1234567815174,SKU00067,Prodotto 68,Descrizione del prodotto 68,http://example.com/immagini/prodotto68.jpg,164.91,47
1234567843631,SKU00068,Prodotto 69,Descrizione del prodotto 69,http://example.com/immagini/prodotto69.jpg,451.81,24
1234567878059,SKU00069,Prodotto 70,Descrizione del prodotto 70,http://example.com/immagini/prodotto70.jpg,234.61,37
1234567856334,SKU00070,Prodotto 71,Descrizione del prodotto 71,http://example.com/immagini/prodotto71.jpg,977.6,14
1234567818538,SKU00071,Prodotto 72,Descrizione del prodotto 72,http://example.com/immagini/prodotto72.jpg,259.33,41
1234567829281,SKU00072,Prodotto 73,Descrizione del prodotto 73,http://example.com/immagini/prodotto73.jpg,483.03,8
1234567869576,SKU00073,Prodotto 74,Descrizione del prodotto 74,http://example.com/immagini/prodotto74.jpg,451.51,29
1234567822134,SKU00074,Prodotto 75,Descrizione del prodotto 75,http://example.com/immagini/prodotto75.jpg,536.34,29
1234567865959,SKU00075,Prodotto 76,Descrizione del prodotto 76,http://example.com/immagini/prodotto76.jpg,706.33,90
1234567844982,SKU00076,Prodotto 77,Descrizione del prodotto 77,http://example.com/immagini/prodotto77.jpg,53.22,59
1234567897320,SKU00077,Prodotto 78,Descrizione del prodotto 78,http://example.com/immagini/prodotto78.jpg,738.32,81
1234567815427,SKU00078,Prodotto 79,Descrizione del prodotto 79,http://example.com/immagini/prodotto79.jpg,230.17,17
1234567824258,SKU00079,Prodotto 80,Descrizione del prodotto 80,http://example.com/immagini/prodotto80.jpg,465.02,45
1234567829785,SKU00080,Prodotto 81,Descrizione del prodotto 81,http://example.com/immagini/prodotto81.jpg,184.47,30
1234567847737,SKU00081,Prodotto 82,Descrizione del prodotto 82,http://example.com/immagini/prodotto82.jpg,151.63,35
1234567833590,SKU00082,Prodotto 83,Descrizione del prodotto 83,http://example.com/immagini/prodotto83.jpg,500.56,64
1234567822200,SKU00083,Prodotto 84,Descrizione del prodotto 84,http://example.com/immagini/prodotto84.jpg,993.56,68
1234567810788,SKU00084,Prodotto 85,Descrizione del prodotto 85,http://example.com/immagini/prodotto85.jpg,36.82,15
1234567871814,SKU00085,Prodotto 86,Descrizione del prodotto 86,http://example.com/immagini/prodotto86.jpg,941.61,56
1234567890049,SKU00086,Prodotto 87,Descrizione del prodotto 87,http://example.com/immagini/prodotto87.jpg,757.07,93
1234567874035,SKU00087,Prodotto 88,Descrizione del prodotto 88,http://example.com/immagini/prodotto88.jpg,918.16,61
1234567815412,SKU00088,Prodotto 89,Descrizione del prodotto 89,http://example.com/immagini/prodotto89.jpg,600.18,21
1234567881904,SKU00089,Prodotto 90,Descrizione del prodotto 90,http://example.com/immagini/prodotto90.jpg,643.37,1
1234567856406,SKU00090,Prodotto 91,Descrizione del prodotto 91,http://example.com/immagini/prodotto91.jpg,473.22,30
1234567884721,SKU00091,Prodotto 92,Descrizione del prodotto 92,http://example.com/immagini/prodotto92.jpg,716.01,100
1234567831310,SKU00092,Prodotto 93,Descrizione del prodotto 93,http://example.com/immagini/prodotto93.jpg,359.11,46
1234567836941,SKU00093,Prodotto 94,Descrizione del prodotto 94,http://example.com/immagini/prodotto94.jpg,612.66,53
1234567800623,SKU00094,Prodotto 95,Descrizione del prodotto 95,http://example.com/immagini/prodotto95.jpg,940.89,7
1234567831027,SKU00095,Prodotto 96,Descrizione del prodotto 96,http://example.com/immagini/prodotto96.jpg,11.62,100
1234567891120,SKU00096,Prodotto 97,Descrizione del prodotto 97,http://example.com/immagini/prodotto97.jpg,776.36,69
1234567858250,SKU00097,Prodotto 98,Descrizione del prodotto 98,http://example.com/immagini/prodotto98.jpg,198.29,4
1234567840338,SKU00098,Prodotto 99,Descrizione del prodotto 99,http://example.com/immagini/prodotto99.jpg,421.06,63
1234567833475,SKU00099,Prodotto 100,Descrizione del prodotto 100,http://example.com/immagini/prodotto100.jpg,878.81,43
1234567877380,SKU00100,Prodotto 101,Descrizione del prodotto 101,http://example.com/immagini/prodotto101.jpg,979.78,91
1234567885018,SKU00101,Prodotto 102,Descrizione del prodotto 102,http://example.com/immagini/prodotto102.jpg,263.91,37
1234567802710,SKU00102,Prodotto 103,Descrizione del prodotto 103,http://example.com/immagini/prodotto103.jpg,623.64,43
1234567887167,SKU00103,Prodotto 104,Descrizione del prodotto 104,http://example.com/immagini/prodotto104.jpg,105.42,27
1234567826628,SKU00104,Prodotto 105,Descrizione del prodotto 105,http://example.com/immagini/prodotto105.jpg,203.18,72
1234567841410,SKU00105,Prodotto 106,Descrizione del prodotto 106,http://example.com/immagini/prodotto106.jpg,586.54,8
1234567851866,SKU00106,Prodotto 107,Descrizione del prodotto 107,http://example.com/immagini/prodotto107.jpg,960.24,79
1234567889537,SKU00107,Prodotto 108,Descrizione del prodotto 108,http://example.com/immagini/prodotto108.jpg,794.74,40
1234567870264,SKU00108,Prodotto 109,Descrizione del prodotto 109,http://example.com/immagini/prodotto109.jpg,953.95,18
1234567864950,SKU00109,Prodotto 110,Descrizione del prodotto 110,http://example.com/immagini/prodotto110.jpg,276.48,62
1234567850588,SKU00110,Prodotto 111,Descrizione del prodotto 111,http://example.com/immagini/prodotto111.jpg,272.37,49
1234567863960,SKU00111,Prodotto 112,Descrizione del prodotto 112,http://example.com/immagini/prodotto112.jpg,917.11,99
1234567819878,SKU00112,Prodotto 113,Descrizione del prodotto 113,http://example.com/immagini/prodotto113.jpg,592.85,52
1234567810661,SKU00113,Prodotto 114,Descrizione del prodotto 114,http://example.com/immagini/prodotto114.jpg,598.73,48
1234567820114,SKU00114,Prodotto 115,Descrizione del prodotto 115,http://example.com/immagini/prodotto115.jpg,879.28,100
1234567828491,SKU00115,Prodotto 116,Descrizione del prodotto 116,http://example.com/immagini/prodotto116.jpg,758.87,94
1234567813088,SKU00116,Prodotto 117,Descrizione del prodotto 117,http://example.com/immagini/prodotto117.jpg,996.34,86
1234567831110,SKU00117,Prodotto 118,Descrizione del prodotto 118,http://example.com/immagini/prodotto118.jpg,25.35,96
1234567827012,SKU00118,Prodotto 119,Descrizione del prodotto 119,http://example.com/immagini/prodotto119.jpg,456.09,54
1234567882649,SKU00119,Prodotto 120,Descrizione del prodotto 120,http://example.com/immagini/prodotto120.jpg,767.34,80
1234567837709,SKU00120,Prodotto 121,Descrizione del prodotto 121,http://example.com/immagini/prodotto121.jpg,678.54,9
1234567886207,SKU00121,Prodotto 122,Descrizione del prodotto 122,http://example.com/immagini/prodotto122.jpg,577.39,40
1234567803353,SKU00122,Prodotto 123,Descrizione del prodotto 123,http://example.com/immagini/prodotto123.jpg,283.75,99
1234567870258,SKU00123,Prodotto 124,Descrizione del prodotto 124,http://example.com/immagini/prodotto124.jpg,327.29,51
1234567884466,SKU00124,Prodotto 125,Descrizione del prodotto 125,http://example.com/immagini/prodotto125.jpg,705.6,85
1234567835401,SKU00125,Prodotto 126,Descrizione del prodotto 126,http://example.com/immagini/prodotto126.jpg,517.19,70
1234567855210,SKU00126,Prodotto 127,Descrizione del prodotto 127,http://example.com/immagini/prodotto127.jpg,448.78,21
1234567867751,SKU00127,Prodotto 128,Descrizione del prodotto 128,http://example.com/immagini/prodotto128.jpg,632.63,41
1234567830849,SKU00128,Prodotto 129,Descrizione del prodotto 129,http://example.com/immagini/prodotto129.jpg,751.74,62
1234567864299,SKU00129,Prodotto 130,Descrizione del prodotto 130,http://example.com/immagini/prodotto130.jpg,536.01,33
1234567823889,SKU00130,Prodotto 131,Descrizione del prodotto 131,http://example.com/immagini/prodotto131.jpg,535.3,11
1234567867783,SKU00131,Prodotto 132,Descrizione del prodotto 132,http://example.com/immagini/prodotto132.jpg,825.14,23
1234567891591,SKU00132,Prodotto 133,Descrizione del prodotto 133,http://example.com/immagini/prodotto133.jpg,816.32,37
1234567889595,SKU00133,Prodotto 134,Descrizione del prodotto 134,http://example.com/immagini/prodotto134.jpg,195.82,36
1234567892341,SKU00134,Prodotto 135,Descrizione del prodotto 135,http://example.com/immagini/prodotto135.jpg,554.8,43
1234567837931,SKU00135,Prodotto 136,Descrizione del prodotto 136,http://example.com/immagini/prodotto136.jpg,285.08,34
1234567830711,SKU00136,Prodotto 137,Descrizione del prodotto 137,http://example.com/immagini/prodotto137.jpg,172.72,62
1234567864027,SKU00137,Prodotto 138,Descrizione del prodotto 138,http://example.com/immagini/prodotto138.jpg,394.44,64
1234567840638,SKU00138,Prodotto 139,Descrizione del prodotto 139,http://example.com/immagini/prodotto139.jpg,571.95,18
1234567830522,SKU00139,Prodotto 140,Descrizione del prodotto 140,http://example.com/immagini/prodotto140.jpg,772.61,85
1234567889321,SKU00140,Prodotto 141,Descrizione del prodotto 141,http://example.com/immagini/prodotto141.jpg,137.83,57
1234567872694,SKU00141,Prodotto 142,Descrizione del prodotto 142,http://example.com/immagini/prodotto142.jpg,611.16,34
1234567815597,SKU00142,Prodotto 143,Descrizione del prodotto 143,http://example.com/immagini/prodotto143.jpg,664.72,7
1234567848112,SKU00143,Prodotto 144,Descrizione del prodotto 144,http://example.com/immagini/prodotto144.jpg,923.38,75
1234567803534,SKU00144,Prodotto 145,Descrizione del prodotto 145,http://example.com/immagini/prodotto145.jpg,992.62,35
1234567825887,SKU00145,Prodotto 146,Descrizione del prodotto 146,http://example.com/immagini/prodotto146.jpg,981.43,94
1234567857339,SKU00146,Prodotto 147,Descrizione del prodotto 147,http://example.com/immagini/prodotto147.jpg,264.19,45
1234567832218,SKU00147,Prodotto 148,Descrizione del prodotto 148,http://example.com/immagini/prodotto148.jpg,997.31,45
1234567887034,SKU00148,Prodotto 149,Descrizione del prodotto 149,http://example.com/immagini/prodotto149.jpg,99.96,54
1234567813639,SKU00149,Prodotto 150,Descrizione del prodotto 150,http://example.com/immagini/prodotto150.jpg,763.31,52
1234567802965,SKU00150,Prodotto 151,Descrizione del prodotto 151,http://example.com/immagini/prodotto151.jpg,576.27,25
1234567864405,SKU00151,Prodotto 152,Descrizione del prodotto 152,http://example.com/immagini/prodotto152.jpg,244.4,90
1234567814867,SKU00152,Prodotto 153,Descrizione del prodotto 153,http://example.com/immagini/prodotto153.jpg,87.4,28
1234567861783,SKU00153,Prodotto 154,Descrizione del prodotto 154,http://example.com/immagini/prodotto154.jpg,311.11,68
1234567892075,SKU00154,Prodotto 155,Descrizione del prodotto 155,http://example.com/immagini/prodotto155.jpg,757.19,50
1234567825583,SKU00155,Prodotto 156,Descrizione del prodotto 156,http://example.com/immagini/prodotto156.jpg,514.14,76
1234567852799,SKU00156,Prodotto 157,Descrizione del prodotto 157,http://example.com/immagini/prodotto157.jpg,701.2,92
1234567876072,SKU00157,Prodotto 158,Descrizione del prodotto 158,http://example.com/immagini/prodotto158.jpg,192.17,55
1234567871885,SKU00158,Prodotto 159,Descrizione del prodotto 159,http://example.com/immagini/prodotto159.jpg,787.57,54
1234567808456,SKU00159,Prodotto 160,Descrizione del prodotto 160,http://example.com/immagini/prodotto160.jpg,565.63,14
1234567808871,SKU00160,Prodotto 161,Descrizione del prodotto 161,http://example.com/immagini/prodotto161.jpg,734.06,3
1234567829649,SKU00161,Prodotto 162,Descrizione del prodotto 162,http://example.com/immagini/prodotto162.jpg,690.53,90
1234567894197,SKU00162,Prodotto 163,Descrizione del prodotto 163,http://example.com/immagini/prodotto163.jpg,763.39,72
1234567809648,SKU00163,Prodotto 164,Descrizione del prodotto 164,http://example.com/immagini/prodotto164.jpg,343.29,18
1234567812538,SKU00164,Prodotto 165,Descrizione del prodotto 165,http://example.com/immagini/prodotto165.jpg,881.13,29
1234567845395,SKU00165,Prodotto 166,Descrizione del prodotto 166,http://example.com/immagini/prodotto166.jpg,833.11,66
1234567863814,SKU00166,Prodotto 167,Descrizione del prodotto 167,http://example.com/immagini/prodotto167.jpg,263.56,69
1234567885719,SKU00167,Prodotto 168,Descrizione del prodotto 168,http://example.com/immagini/prodotto168.jpg,469.52,3
1234567801140,SKU00168,Prodotto 169,Descrizione del prodotto 169,http://example.com/immagini/prodotto169.jpg,116.1,33
1234567866751,SKU00169,Prodotto 170,Descrizione del prodotto 170,http://example.com/immagini/prodotto170.jpg,325.43,18
1234567877675,SKU00170,Prodotto 171,Descrizione del prodotto 171,http://example.com/immagini/prodotto171.jpg,602.54,14
1234567821534,SKU00171,Prodotto 172,Descrizione del prodotto 172,http://example.com/immagini/prodotto172.jpg,916.28,84
1234567863727,SKU00172,Prodotto 173,Descrizione del prodotto 173,http://example.com/immagini/prodotto173.jpg,799.7,61
1234567848368,SKU00173,Prodotto 174,Descrizione del prodotto 174,http://example.com/immagini/prodotto174.jpg,560.21,54
1234567840268,SKU00174,Prodotto 175,Descrizione del prodotto 175,http://example.com/immagini/prodotto175.jpg,456.56,59
1234567838293,SKU00175,Prodotto 176,Descrizione del prodotto 176,http://example.com/immagini/prodotto176.jpg,929.6,99
1234567802585,SKU00176,Prodotto 177,Descrizione del prodotto 177,http://example.com/immagini/prodotto177.jpg,244.89,73
1234567822343,SKU00177,Prodotto 178,Descrizione del prodotto 178,http://example.com/immagini/prodotto178.jpg,191.85,10
1234567829179,SKU00178,Prodotto 179,Descrizione del prodotto 179,http://example.com/immagini/prodotto179.jpg,130.7,43
1234567883388,SKU00179,Prodotto 180,Descrizione del prodotto 180,http://example.com/immagini/prodotto180.jpg,854.64,77
1234567896390,SKU00180,Prodotto 181,Descrizione del prodotto 181,http://example.com/immagini/prodotto181.jpg,352.36,61
1234567895706,SKU00181,Prodotto 182,Descrizione del prodotto 182,http://example.com/immagini/prodotto182.jpg,488.13,90
1234567844442,SKU00182,Prodotto 183,Descrizione del prodotto 183,http://example.com/immagini/prodotto183.jpg,470.81,81
1234567892710,SKU00183,Prodotto 184,Descrizione del prodotto 184,http://example.com/immagini/prodotto184.jpg,891.86,77
1234567880869,SKU00184,Prodotto 185,Descrizione del prodotto 185,http://example.com/immagini/prodotto185.jpg,284.62,34
1234567849305,SKU00185,Prodotto 186,Descrizione del prodotto 186,http://example.com/immagini/prodotto186.jpg,111.2,33
1234567862417,SKU00186,Prodotto 187,Descrizione del prodotto 187,http://example.com/immagini/prodotto187.jpg,92.22,96
1234567895941,SKU00187,Prodotto 188,Descrizione del prodotto 188,http://example.com/immagini/prodotto188.jpg,543.79,52
1234567837634,SKU00188,Prodotto 189,Descrizione del prodotto 189,http://example.com/immagini/prodotto189.jpg,44.74,31
1234567877248,SKU00189,Prodotto 190,Descrizione del prodotto 190,http://example.com/immagini/prodotto190.jpg,786.12,4
1234567809144,SKU00190,Prodotto 191,Descrizione del prodotto 191,http://example.com/immagini/prodotto191.jpg,165.73,4
1234567833026,SKU00191,Prodotto 192,Descrizione del prodotto 192,http://example.com/immagini/prodotto192.jpg,763.53,46
1234567888937,SKU00192,Prodotto 193,Descrizione del prodotto 193,http://example.com/immagini/prodotto193.jpg,162.22,78
1234567860909,SKU00193,Prodotto 194,Descrizione del prodotto 194,http://example.com/immagini/prodotto194.jpg,555.53,13
1234567854274,SKU00194,Prodotto 195,Descrizione del prodotto 195,http://example.com/immagini/prodotto195.jpg,965.37,97
1234567868518,SKU00195,Prodotto 196,Descrizione del prodotto 196,http://example.com/immagini/prodotto196.jpg,814.99,75
1234567877938,SKU00196,Prodotto 197,Descrizione del prodotto 197,http://example.com/immagini/prodotto197.jpg,74.49,35
1234567886717,SKU00197,Prodotto 198,Descrizione del prodotto 198,http://example.com/immagini/prodotto198.jpg,72.36,49
1234567890423,SKU00198,Prodotto 199,Descrizione del prodotto 199,http://example.com/immagini/prodotto199.jpg,882.87,28
1234567865840,SKU00199,Prodotto 200,Descrizione del prodotto 200,http://example.com/immagini/prodotto200.jpg,747.7,59
1234567850555,SKU00200,Prodotto 201,Descrizione del prodotto 201,http://example.com/immagini/prodotto201.jpg,231.06,20
1234567878884,SKU00201,Prodotto 202,Descrizione del prodotto 202,http://example.com/immagini/prodotto202.jpg,89.18,58
1234567814835,SKU00202,Prodotto 203,Descrizione del prodotto 203,http://example.com/immagini/prodotto203.jpg,790.03,58
1234567861087,SKU00203,Prodotto 204,Descrizione del prodotto 204,http://example.com/immagini/prodotto204.jpg,372.31,39
1234567825985,SKU00204,Prodotto 205,Descrizione del prodotto 205,http://example.com/immagini/prodotto205.jpg,110.08,56
1234567830560,SKU00205,Prodotto 206,Descrizione del prodotto 206,http://example.com/immagini/prodotto206.jpg,949.96,31
1234567841380,SKU00206,Prodotto 207,Descrizione del prodotto 207,http://example.com/immagini/prodotto207.jpg,713.85,99
1234567824350,SKU00207,Prodotto 208,Descrizione del prodotto 208,http://example.com/immagini/prodotto208.jpg,496.85,44
1234567858458,SKU00208,Prodotto 209,Descrizione del prodotto 209,http://example.com/immagini/prodotto209.jpg,430.56,77
1234567879528,SKU00209,Prodotto 210,Descrizione del prodotto 210,http://example.com/immagini/prodotto210.jpg,250.24,10
1234567842305,SKU00210,Prodotto 211,Descrizione del prodotto 211,http://example.com/immagini/prodotto211.jpg,341.41,23
1234567803696,SKU00211,Prodotto 212,Descrizione del prodotto 212,http://example.com/immagini/prodotto212.jpg,240.9,29
1234567822192,SKU00212,Prodotto 213,Descrizione del prodotto 213,http://example.com/immagini/prodotto213.jpg,556.08,61
1234567842067,SKU00213,Prodotto 214,Descrizione del prodotto 214,http://example.com/immagini/prodotto214.jpg,849.36,29
1234567892873,SKU00214,Prodotto 215,Descrizione del prodotto 215,http://example.com/immagini/prodotto215.jpg,776.05,84
1234567893378,SKU00215,Prodotto 216,Descrizione del prodotto 216,http://example.com/immagini/prodotto216.jpg,770.2,28
1234567878497,SKU00216,Prodotto 217,Descrizione del prodotto 217,http://example.com/immagini/prodotto217.jpg,677.53,41
1234567800447,SKU00217,Prodotto 218,Descrizione del prodotto 218,http://example.com/immagini/prodotto218.jpg,74.99,11
1234567843082,SKU00218,Prodotto 219,Descrizione del prodotto 219,http://example.com/immagini/prodotto219.jpg,33.91,75
1234567891286,SKU00219,Prodotto 220,Descrizione del prodotto 220,http://example.com/immagini/prodotto220.jpg,269.49,65
1234567842682,SKU00220,Prodotto 221,Descrizione del prodotto 221,http://example.com/immagini/prodotto221.jpg,310.68,26
1234567818922,SKU00221,Prodotto 222,Descrizione del prodotto 222,http://example.com/immagini/prodotto222.jpg,648.57,90
1234567834430,SKU00222,Prodotto 223,Descrizione del prodotto 223,http://example.com/immagini/prodotto223.jpg,970.76,23
1234567865465,SKU00223,Prodotto 224,Descrizione del prodotto 224,http://example.com/immagini/prodotto224.jpg,627.35,54
1234567896101,SKU00224,Prodotto 225,Descrizione del prodotto 225,http://example.com/immagini/prodotto225.jpg,985.63,73
1234567853530,SKU00225,Prodotto 226,Descrizione del prodotto 226,http://example.com/immagini/prodotto226.jpg,668.08,42
1234567894617,SKU00226,Prodotto 227,Descrizione del prodotto 227,http://example.com/immagini/prodotto227.jpg,198.29,64
1234567801006,SKU00227,Prodotto 228,Descrizione del prodotto 228,http://example.com/immagini/prodotto228.jpg,122.85,99
1234567825538,SKU00228,Prodotto 229,Descrizione del prodotto 229,http://example.com/immagini/prodotto229.jpg,44.52,100
1234567885528,SKU00229,Prodotto 230,Descrizione del prodotto 230,http://example.com/immagini/prodotto230.jpg,911.74,70
1234567871750,SKU00230,Prodotto 231,Descrizione del prodotto 231,http://example.com/immagini/prodotto231.jpg,550.26,74
1234567845821,SKU00231,Prodotto 232,Descrizione del prodotto 232,http://example.com/immagini/prodotto232.jpg,293.67,7
1234567843023,SKU00232,Prodotto 233,Descrizione del prodotto 233,http://example.com/immagini/prodotto233.jpg,407.15,36
1234567875957,SKU00233,Prodotto 234,Descrizione del prodotto 234,http://example.com/immagini/prodotto234.jpg,184.47,44
1234567837475,SKU00234,Prodotto 235,Descrizione del prodotto 235,http://example.com/immagini/prodotto235.jpg,155.22,20
1234567868998,SKU00235,Prodotto 236,Descrizione del prodotto 236,http://example.com/immagini/prodotto236.jpg,294.4,28
1234567836409,SKU00236,Prodotto 237,Descrizione del prodotto 237,http://example.com/immagini/prodotto237.jpg,489.21,98
1234567860617,SKU00237,Prodotto 238,Descrizione del prodotto 238,http://example.com/immagini/prodotto238.jpg,505.65,79
1234567870940,SKU00238,Prodotto 239,Descrizione del prodotto 239,http://example.com/immagini/prodotto239.jpg,21.37,29
1234567873642,SKU00239,Prodotto 240,Descrizione del prodotto 240,http://example.com/immagini/prodotto240.jpg,272.12,39
1234567804231,SKU00240,Prodotto 241,Descrizione del prodotto 241,http://example.com/immagini/prodotto241.jpg,846.4,36
1234567813053,SKU00241,Prodotto 242,Descrizione del prodotto 242,http://example.com/immagini/prodotto242.jpg,27.8,36
1234567892272,SKU00242,Prodotto 243,Descrizione del prodotto 243,http://example.com/immagini/prodotto243.jpg,890.22,67
1234567867455,SKU00243,Prodotto 244,Descrizione del prodotto 244,http://example.com/immagini/prodotto244.jpg,805.4,39
1234567832023,SKU00244,Prodotto 245,Descrizione del prodotto 245,http://example.com/immagini/prodotto245.jpg,712.9,16
1234567813686,SKU00245,Prodotto 246,Descrizione del prodotto 246,http://example.com/immagini/prodotto246.jpg,596.73,28
1234567815015,SKU00246,Prodotto 247,Descrizione del prodotto 247,http://example.com/immagini/prodotto247.jpg,496.88,21
1234567859923,SKU00247,Prodotto 248,Descrizione del prodotto 248,http://example.com/immagini/prodotto248.jpg,219.38,38
1234567861246,SKU00248,Prodotto 249,Descrizione del prodotto 249,http://example.com/immagini/prodotto249.jpg,492.99,62
1234567897469,SKU00249,Prodotto 250,Descrizione del prodotto 250,http://example.com/immagini/prodotto250.jpg,862.21,62
1234567840739,SKU00250,Prodotto 251,Descrizione del prodotto 251,http://example.com/immagini/prodotto251.jpg,428.89,18
1234567857353,SKU00251,Prodotto 252,Descrizione del prodotto 252,http://example.com/immagini/prodotto252.jpg,403.26,71
1234567880186,SKU00252,Prodotto 253,Descrizione del prodotto 253,http://example.com/immagini/prodotto253.jpg,225.79,77
1234567874049,SKU00253,Prodotto 254,Descrizione del prodotto 254,http://example.com/immagini/prodotto254.jpg,345.5,61
1234567880596,SKU00254,Prodotto 255,Descrizione del prodotto 255,http://example.com/immagini/prodotto255.jpg,822.96,77
1234567802618,SKU00255,Prodotto 256,Descrizione del prodotto 256,http://example.com/immagini/prodotto256.jpg,418.13,52
1234567838397,SKU00256,Prodotto 257,Descrizione del prodotto 257,http://example.com/immagini/prodotto257.jpg,238.37,47
1234567812045,SKU00257,Prodotto 258,Descrizione del prodotto 258,http://example.com/immagini/prodotto258.jpg,149.7,68
1234567890274,SKU00258,Prodotto 259,Descrizione del prodotto 259,http://example.com/immagini/prodotto259.jpg,746.5,56
1234567863641,SKU00259,Prodotto 260,Descrizione del prodotto 260,http://example.com/immagini/prodotto260.jpg,292.33,66
1234567806954,SKU00260,Prodotto 261,Descrizione del prodotto 261,http://example.com/immagini/prodotto261.jpg,159.87,26
1234567816091,SKU00261,Prodotto 262,Descrizione del prodotto 262,http://example.com/immagini/prodotto262.jpg,140.91,59
1234567841781,SKU00262,Prodotto 263,Descrizione del prodotto 263,http://example.com/immagini/prodotto263.jpg,569.21,53
1234567883879,SKU00263,Prodotto 264,Descrizione del prodotto 264,http://example.com/immagini/prodotto264.jpg,484.57,78
1234567832879,SKU00264,Prodotto 265,Descrizione del prodotto 265,http://example.com/immagini/prodotto265.jpg,774.26,79
1234567872181,SKU00265,Prodotto 266,Descrizione del prodotto 266,http://example.com/immagini/prodotto266.jpg,26.97,9
1234567894356,SKU00266,Prodotto 267,Descrizione del prodotto 267,http://example.com/immagini/prodotto267.jpg,282.24,86
1234567832531,SKU00267,Prodotto 268,Descrizione del prodotto 268,http://example.com/immagini/prodotto268.jpg,366.26,27
1234567855629,SKU00268,Prodotto 269,Descrizione del prodotto 269,http://example.com/immagini/prodotto269.jpg,41.73,6
1234567842794,SKU00269,Prodotto 270,Descrizione del prodotto 270,http://example.com/immagini/prodotto270.jpg,543.3,88
1234567804128,SKU00270,Prodotto 271,Descrizione del prodotto 271,http://example.com/immagini/prodotto271.jpg,296.71,28
1234567820690,SKU00271,Prodotto 272,Descrizione del prodotto 272,http://example.com/immagini/prodotto272.jpg,835.58,40
1234567847776,SKU00272,Prodotto 273,Descrizione del prodotto 273,http://example.com/immagini/prodotto273.jpg,457.32,62
1234567831849,SKU00273,Prodotto 274,Descrizione del prodotto 274,http://example.com/immagini/prodotto274.jpg,313.4,25
1234567828323,SKU00274,Prodotto 275,Descrizione del prodotto 275,http://example.com/immagini/prodotto275.jpg,624.61,74
1234567839963,SKU00275,Prodotto 276,Descrizione del prodotto 276,http://example.com/immagini/prodotto276.jpg,426.92,20
1234567865592,SKU00276,Prodotto 277,Descrizione del prodotto 277,http://example.com/immagini/prodotto277.jpg,89.29,91
1234567826679,SKU00277,Prodotto 278,Descrizione del prodotto 278,http://example.com/immagini/prodotto278.jpg,606.4,92
1234567897341,SKU00278,Prodotto 279,Descrizione del prodotto 279,http://example.com/immagini/prodotto279.jpg,709.3,12
1234567871451,SKU00279,Prodotto 280,Descrizione del prodotto 280,http://example.com/immagini/prodotto280.jpg,910.84,59
1234567810341,SKU00280,Prodotto 281,Descrizione del prodotto 281,http://example.com/immagini/prodotto281.jpg,613.24,14
1234567846260,SKU00281,Prodotto 282,Descrizione del prodotto 282,http://example.com/immagini/prodotto282.jpg,503.02,37
1234567802415,SKU00282,Prodotto 283,Descrizione del prodotto 283,http://example.com/immagini/prodotto283.jpg,767.61,23
1234567841350,SKU00283,Prodotto 284,Descrizione del prodotto 284,http://example.com/immagini/prodotto284.jpg,817.19,54
1234567845121,SKU00284,Prodotto 285,Descrizione del prodotto 285,http://example.com/immagini/prodotto285.jpg,811.31,47
1234567884623,SKU00285,Prodotto 286,Descrizione del prodotto 286,http://example.com/immagini/prodotto286.jpg,536.42,35
1234567882852,SKU00286,Prodotto 287,Descrizione del prodotto 287,http://example.com/immagini/prodotto287.jpg,920.44,77
1234567894957,SKU00287,Prodotto 288,Descrizione del prodotto 288,http://example.com/immagini/prodotto288.jpg,750.01,92
1234567833037,SKU00288,Prodotto 289,Descrizione del prodotto 289,http://example.com/immagini/prodotto289.jpg,649.91,84
1234567886139,SKU00289,Prodotto 290,Descrizione del prodotto 290,http://example.com/immagini/prodotto290.jpg,18.43,70
1234567803761,SKU00290,Prodotto 291,Descrizione del prodotto 291,http://example.com/immagini/prodotto291.jpg,48.92,74
1234567884863,SKU00291,Prodotto 292,Descrizione del prodotto 292,http://example.com/immagini/prodotto292.jpg,395.75,60
1234567849142,SKU00292,Prodotto 293,Descrizione del prodotto 293,http://example.com/immagini/prodotto293.jpg,157.29,6
1234567855185,SKU00293,Prodotto 294,Descrizione del prodotto 294,http://example.com/immagini/prodotto294.jpg,324.23,14
1234567804951,SKU00294,Prodotto 295,Descrizione del prodotto 295,http://example.com/immagini/prodotto295.jpg,293.56,1
1234567864639,SKU00295,Prodotto 296,Descrizione del prodotto 296,http://example.com/immagini/prodotto296.jpg,22.6,58
1234567847013,SKU00296,Prodotto 297,Descrizione del prodotto 297,http://example.com/immagini/prodotto297.jpg,905.03,91
1234567870059,SKU00297,Prodotto 298,Descrizione del prodotto 298,http://example.com/immagini/prodotto298.jpg,36.83,32
1234567829275,SKU00298,Prodotto 299,Descrizione del prodotto 299,http://example.com/immagini/prodotto299.jpg,444.57,78
1234567858095,SKU00299,Prodotto 300,Descrizione del prodotto 300,http://example.com/immagini/prodotto300.jpg,238.74,87
1234567847266,SKU00300,Prodotto 301,Descrizione del prodotto 301,http://example.com/immagini/prodotto301.jpg,881.93,8
1234567844461,SKU00301,Prodotto 302,Descrizione del prodotto 302,http://example.com/immagini/prodotto302.jpg,807.43,49
1234567852737,SKU00302,Prodotto 303,Descrizione del prodotto 303,http://example.com/immagini/prodotto303.jpg,768.77,18
1234567860463,SKU00303,Prodotto 304,Descrizione del prodotto 304,http://example.com/immagini/prodotto304.jpg,451.19,20
1234567832824,SKU00304,Prodotto 305,Descrizione del prodotto 305,http://example.com/immagini/prodotto305.jpg,640.97,11
1234567813427,SKU00305,Prodotto 306,Descrizione del prodotto 306,http://example.com/immagini/prodotto306.jpg,299.27,56
1234567833250,SKU00306,Prodotto 307,Descrizione del prodotto 307,http://example.com/immagini/prodotto307.jpg,114.69,49
1234567829852,SKU00307,Prodotto 308,Descrizione del prodotto 308,http://example.com/immagini/prodotto308.jpg,523.14,71
1234567800884,SKU00308,Prodotto 309,Descrizione del prodotto 309,http://example.com/immagini/prodotto309.jpg,672.93,31
1234567876560,SKU00309,Prodotto 310,Descrizione del prodotto 310,http://example.com/immagini/prodotto310.jpg,399.36,14
1234567830612,SKU00310,Prodotto 311,Descrizione del prodotto 311,http://example.com/immagini/prodotto311.jpg,958.07,59
1234567804609,SKU00311,Prodotto 312,Descrizione del prodotto 312,http://example.com/immagini/prodotto312.jpg,985.61,50
1234567874902,SKU00312,Prodotto 313,Descrizione del prodotto 313,http://example.com/immagini/prodotto313.jpg,373.13,56
1234567887445,SKU00313,Prodotto 314,Descrizione del prodotto 314,http://example.com/immagini/prodotto314.jpg,475.36,95
1234567893532,SKU00314,Prodotto 315,Descrizione del prodotto 315,http://example.com/immagini/prodotto315.jpg,300.85,17
1234567800280,SKU00315,Prodotto 316,Descrizione del prodotto 316,http://example.com/immagini/prodotto316.jpg,379.6,54
1234567843918,SKU00316,Prodotto 317,Descrizione del prodotto 317,http://example.com/immagini/prodotto317.jpg,383.83,76
1234567847909,SKU00317,Prodotto 318,Descrizione del prodotto 318,http://example.com/immagini/prodotto318.jpg,592.68,83
1234567889634,SKU00318,Prodotto 319,Descrizione del prodotto 319,http://example.com/immagini/prodotto319.jpg,15.68,98
1234567806795,SKU00319,Prodotto 320,Descrizione del prodotto 320,http://example.com/immagini/prodotto320.jpg,532.46,76
1234567898452,SKU00320,Prodotto 321,Descrizione del prodotto 321,http://example.com/immagini/prodotto321.jpg,81.06,16
1234567861581,SKU00321,Prodotto 322,Descrizione del prodotto 322,http://example.com/immagini/prodotto322.jpg,87.5,4
1234567814821,SKU00322,Prodotto 323,Descrizione del prodotto 323,http://example.com/immagini/prodotto323.jpg,750.68,88
1234567851332,SKU00323,Prodotto 324,Descrizione del prodotto 324,http://example.com/immagini/prodotto324.jpg,241.91,18
1234567875769,SKU00324,Prodotto 325,Descrizione del prodotto 325,http://example.com/immagini/prodotto325.jpg,178.7,6
1234567816820,SKU00325,Prodotto 326,Descrizione del prodotto 326,http://example.com/immagini/prodotto326.jpg,627.32,43
1234567886077,SKU00326,Prodotto 327,Descrizione del prodotto 327,http://example.com/immagini/prodotto327.jpg,649.36,86
1234567858044,SKU00327,Prodotto 328,Descrizione del prodotto 328,http://example.com/immagini/prodotto328.jpg,213.04,47
1234567893689,SKU00328,Prodotto 329,Descrizione del prodotto 329,http://example.com/immagini/prodotto329.jpg,427.09,63
1234567877138,SKU00329,Prodotto 330,Descrizione del prodotto 330,http://example.com/immagini/prodotto330.jpg,68.15,49
1234567823016,SKU00330,Prodotto 331,Descrizione del prodotto 331,http://example.com/immagini/prodotto331.jpg,51.05,66
1234567818645,SKU00331,Prodotto 332,Descrizione del prodotto 332,http://example.com/immagini/prodotto332.jpg,871.05,60
1234567874814,SKU00332,Prodotto 333,Descrizione del prodotto 333,http://example.com/immagini/prodotto333.jpg,944.31,11
1234567812068,SKU00333,Prodotto 334,Descrizione del prodotto 334,http://example.com/immagini/prodotto334.jpg,427.68,93
1234567834158,SKU00334,Prodotto 335,Descrizione del prodotto 335,http://example.com/immagini/prodotto335.jpg,800.56,100
1234567819973,SKU00335,Prodotto 336,Descrizione del prodotto 336,http://example.com/immagini/prodotto336.jpg,580.78,35
1234567892440,SKU00336,Prodotto 337,Descrizione del prodotto 337,http://example.com/immagini/prodotto337.jpg,542.14,29
1234567886070,SKU00337,Prodotto 338,Descrizione del prodotto 338,http://example.com/immagini/prodotto338.jpg,536.65,32
1234567898837,SKU00338,Prodotto 339,Descrizione del prodotto 339,http://example.com/immagini/prodotto339.jpg,768.93,51
1234567824159,SKU00339,Prodotto 340,Descrizione del prodotto 340,http://example.com/immagini/prodotto340.jpg,700.87,33
1234567895957,SKU00340,Prodotto 341,Descrizione del prodotto 341,http://example.com/immagini/prodotto341.jpg,344.37,97
1234567815728,SKU00341,Prodotto 342,Descrizione del prodotto 342,http://example.com/immagini/prodotto342.jpg,517.68,24
1234567853859,SKU00342,Prodotto 343,Descrizione del prodotto 343,http://example.com/immagini/prodotto343.jpg,504.79,34
1234567893811,SKU00343,Prodotto 344,Descrizione del prodotto 344,http://example.com/immagini/prodotto344.jpg,734.57,53
1234567838384,SKU00344,Prodotto 345,Descrizione del prodotto 345,http://example.com/immagini/prodotto345.jpg,305.58,83
1234567815314,SKU00345,Prodotto 346,Descrizione del prodotto 346,http://example.com/immagini/prodotto346.jpg,689.54,18
1234567897088,SKU00346,Prodotto 347,Descrizione del prodotto 347,http://example.com/immagini/prodotto347.jpg,456.96,50
1234567878529,SKU00347,Prodotto 348,Descrizione del prodotto 348,http://example.com/immagini/prodotto348.jpg,104.85,33
1234567858560,SKU00348,Prodotto 349,Descrizione del prodotto 349,http://example.com/immagini/prodotto349.jpg,283.16,64
1234567898241,SKU00349,Prodotto 350,Descrizione del prodotto 350,http://example.com/immagini/prodotto350.jpg,449.59,73
1234567887419,SKU00350,Prodotto 351,Descrizione del prodotto 351,http://example.com/immagini/prodotto351.jpg,720.41,37
1234567874630,SKU00351,Prodotto 352,Descrizione del prodotto 352,http://example.com/immagini/prodotto352.jpg,356.13,14
1234567892878,SKU00352,Prodotto 353,Descrizione del prodotto 353,http://example.com/immagini/prodotto353.jpg,568.2,82
1234567895593,SKU00353,Prodotto 354,Descrizione del prodotto 354,http://example.com/immagini/prodotto354.jpg,816.42,16
1234567815644,SKU00354,Prodotto 355,Descrizione del prodotto 355,http://example.com/immagini/prodotto355.jpg,966.86,24
1234567890266,SKU00355,Prodotto 356,Descrizione del prodotto 356,http://example.com/immagini/prodotto356.jpg,567.42,83
1234567882777,SKU00356,Prodotto 357,Descrizione del prodotto 357,http://example.com/immagini/prodotto357.jpg,958.92,89
1234567821077,SKU00357,Prodotto 358,Descrizione del prodotto 358,http://example.com/immagini/prodotto358.jpg,760.61,43
1234567869442,SKU00358,Prodotto 359,Descrizione del prodotto 359,http://example.com/immagini/prodotto359.jpg,474.7,16
1234567843878,SKU00359,Prodotto 360,Descrizione del prodotto 360,http://example.com/immagini/prodotto360.jpg,124.26,34
1234567882591,SKU00360,Prodotto 361,Descrizione del prodotto 361,http://example.com/immagini/prodotto361.jpg,131.04,51
1234567870289,SKU00361,Prodotto 362,Descrizione del prodotto 362,http://example.com/immagini/prodotto362.jpg,714.97,93
1234567897654,SKU00362,Prodotto 363,Descrizione del prodotto 363,http://example.com/immagini/prodotto363.jpg,207.84,49
1234567804382,SKU00363,Prodotto 364,Descrizione del prodotto 364,http://example.com/immagini/prodotto364.jpg,44.46,69
1234567886419,SKU00364,Prodotto 365,Descrizione del prodotto 365,http://example.com/immagini/prodotto365.jpg,544.83,38
1234567837351,SKU00365,Prodotto 366,Descrizione del prodotto 366,http://example.com/immagini/prodotto366.jpg,156.89,3
1234567890412,SKU00366,Prodotto 367,Descrizione del prodotto 367,http://example.com/immagini/prodotto367.jpg,851.57,42
1234567872083,SKU00367,Prodotto 368,Descrizione del prodotto 368,http://example.com/immagini/prodotto368.jpg,681.27,54
1234567814789,SKU00368,Prodotto 369,Descrizione del prodotto 369,http://example.com/immagini/prodotto369.jpg,714.02,41
1234567861939,SKU00369,Prodotto 370,Descrizione del prodotto 370,http://example.com/immagini/prodotto370.jpg,770.56,33
1234567853270,SKU00370,Prodotto 371,Descrizione del prodotto 371,http://example.com/immagini/prodotto371.jpg,973.4,77
1234567818781,SKU00371,Prodotto 372,Descrizione del prodotto 372,http://example.com/immagini/prodotto372.jpg,815.49,9
1234567834166,SKU00372,Prodotto 373,Descrizione del prodotto 373,http://example.com/immagini/prodotto373.jpg,646.63,100
1234567851634,SKU00373,Prodotto 374,Descrizione del prodotto 374,http://example.com/immagini/prodotto374.jpg,265.36,43
1234567899288,SKU00374,Prodotto 375,Descrizione del prodotto 375,http://example.com/immagini/prodotto375.jpg,595.73,65
1234567882365,SKU00375,Prodotto 376,Descrizione del prodotto 376,http://example.com/immagini/prodotto376.jpg,344.7,61
1234567841221,SKU00376,Prodotto 377,Descrizione del prodotto 377,http://example.com/immagini/prodotto377.jpg,28.19,29
1234567871097,SKU00377,Prodotto 378,Descrizione del prodotto 378,http://example.com/immagini/prodotto378.jpg,163.99,27
1234567826121,SKU00378,Prodotto 379,Descrizione del prodotto 379,http://example.com/immagini/prodotto379.jpg,782.94,57
1234567819669,SKU00379,Prodotto 380,Descrizione del prodotto 380,http://example.com/immagini/prodotto380.jpg,591.78,98
1234567870380,SKU00380,Prodotto 381,Descrizione del prodotto 381,http://example.com/immagini/prodotto381.jpg,206.43,48
1234567800128,SKU00381,Prodotto 382,Descrizione del prodotto 382,http://example.com/immagini/prodotto382.jpg,352.21,82
1234567877846,SKU00382,Prodotto 383,Descrizione del prodotto 383,http://example.com/immagini/prodotto383.jpg,285.32,16
1234567863923,SKU00383,Prodotto 384,Descrizione del prodotto 384,http://example.com/immagini/prodotto384.jpg,653.04,11
1234567857750,SKU00384,Prodotto 385,Descrizione del prodotto 385,http://example.com/immagini/prodotto385.jpg,527.02,65
1234567803068,SKU00385,Prodotto 386,Descrizione del prodotto 386,http://example.com/immagini/prodotto386.jpg,373.63,28
1234567837959,SKU00386,Prodotto 387,Descrizione del prodotto 387,http://example.com/immagini/prodotto387.jpg,31.04,63
1234567822833,SKU00387,Prodotto 388,Descrizione del prodotto 388,http://example.com/immagini/prodotto388.jpg,405.38,82
1234567872924,SKU00388,Prodotto 389,Descrizione del prodotto 389,http://example.com/immagini/prodotto389.jpg,496.05,25
1234567886996,SKU00389,Prodotto 390,Descrizione del prodotto 390,http://example.com/immagini/prodotto390.jpg,671.45,50
1234567899251,SKU00390,Prodotto 391,Descrizione del prodotto 391,http://example.com/immagini/prodotto391.jpg,403.51,60
1234567870467,SKU00391,Prodotto 392,Descrizione del prodotto 392,http://example.com/immagini/prodotto392.jpg,329.77,5
1234567873408,SKU00392,Prodotto 393,Descrizione del prodotto 393,http://example.com/immagini/prodotto393.jpg,891.69,15
1234567890804,SKU00393,Prodotto 394,Descrizione del prodotto 394,http://example.com/immagini/prodotto394.jpg,773.58,2
1234567891141,SKU00394,Prodotto 395,Descrizione del prodotto 395,http://example.com/immagini/prodotto395.jpg,654.54,44
1234567882814,SKU00395,Prodotto 396,Descrizione del prodotto 396,http://example.com/immagini/prodotto396.jpg,843.85,40
1234567845380,SKU00396,Prodotto 397,Descrizione del prodotto 397,http://example.com/immagini/prodotto397.jpg,233.36,76
1234567878588,SKU00397,Prodotto 398,Descrizione del prodotto 398,http://example.com/immagini/prodotto398.jpg,536.55,66
1234567882889,SKU00398,Prodotto 399,Descrizione del prodotto 399,http://example.com/immagini/prodotto399.jpg,515.73,47
1234567830843,SKU00399,Prodotto 400,Descrizione del prodotto 400,http://example.com/immagini/prodotto400.jpg,486.01,40
1234567820481,SKU00400,Prodotto 401,Descrizione del prodotto 401,http://example.com/immagini/prodotto401.jpg,680.62,5
1234567862788,SKU00401,Prodotto 402,Descrizione del prodotto 402,http://example.com/immagini/prodotto402.jpg,611.93,54
1234567854592,SKU00402,Prodotto 403,Descrizione del prodotto 403,http://example.com/immagini/prodotto403.jpg,833.3,77
1234567897433,SKU00403,Prodotto 404,Descrizione del prodotto 404,http://example.com/immagini/prodotto404.jpg,306.47,80
1234567803352,SKU00404,Prodotto 405,Descrizione del prodotto 405,http://example.com/immagini/prodotto405.jpg,254.85,10
1234567886296,SKU00405,Prodotto 406,Descrizione del prodotto 406,http://example.com/immagini/prodotto406.jpg,545.91,65
1234567886478,SKU00406,Prodotto 407,Descrizione del prodotto 407,http://example.com/immagini/prodotto407.jpg,954.81,67
1234567891914,SKU00407,Prodotto 408,Descrizione del prodotto 408,http://example.com/immagini/prodotto408.jpg,770.12,63
1234567841823,SKU00408,Prodotto 409,Descrizione del prodotto 409,http://example.com/immagini/prodotto409.jpg,391.1,50
1234567855174,SKU00409,Prodotto 410,Descrizione del prodotto 410,http://example.com/immagini/prodotto410.jpg,820.02,14
1234567848095,SKU00410,Prodotto 411,Descrizione del prodotto 411,http://example.com/immagini/prodotto411.jpg,759.16,47
1234567815155,SKU00411,Prodotto 412,Descrizione del prodotto 412,http://example.com/immagini/prodotto412.jpg,492.16,71
1234567837149,SKU00412,Prodotto 413,Descrizione del prodotto 413,http://example.com/immagini/prodotto413.jpg,863.9,17
1234567843254,SKU00413,Prodotto 414,Descrizione del prodotto 414,http://example.com/immagini/prodotto414.jpg,997.6,32
1234567852833,SKU00414,Prodotto 415,Descrizione del prodotto 415,http://example.com/immagini/prodotto415.jpg,304.77,73
1234567848882,SKU00415,Prodotto 416,Descrizione del prodotto 416,http://example.com/immagini/prodotto416.jpg,15.91,74
1234567882644,SKU00416,Prodotto 417,Descrizione del prodotto 417,http://example.com/immagini/prodotto417.jpg,719.79,93
1234567849051,SKU00417,Prodotto 418,Descrizione del prodotto 418,http://example.com/immagini/prodotto418.jpg,491.69,89
1234567807679,SKU00418,Prodotto 419,Descrizione del prodotto 419,http://example.com/immagini/prodotto419.jpg,385.08,67
1234567806793,SKU00419,Prodotto 420,Descrizione del prodotto 420,http://example.com/immagini/prodotto420.jpg,863.59,34
1234567813629,SKU00420,Prodotto 421,Descrizione del prodotto 421,http://example.com/immagini/prodotto421.jpg,691.14,35
1234567884656,SKU00421,Prodotto 422,Descrizione del prodotto 422,http://example.com/immagini/prodotto422.jpg,763.55,19
1234567842745,SKU00422,Prodotto 423,Descrizione del prodotto 423,http://example.com/immagini/prodotto423.jpg,777.34,66
1234567802919,SKU00423,Prodotto 424,Descrizione del prodotto 424,http://example.com/immagini/prodotto424.jpg,757.25,32
1234567800211,SKU00424,Prodotto 425,Descrizione del prodotto 425,http://example.com/immagini/prodotto425.jpg,596.12,79
1234567827499,SKU00425,Prodotto 426,Descrizione del prodotto 426,http://example.com/immagini/prodotto426.jpg,28.84,98
1234567862693,SKU00426,Prodotto 427,Descrizione del prodotto 427,http://example.com/immagini/prodotto427.jpg,428.28,17
1234567880253,SKU00427,Prodotto 428,Descrizione del prodotto 428,http://example.com/immagini/prodotto428.jpg,166.7,39
1234567856102,SKU00428,Prodotto 429,Descrizione del prodotto 429,http://example.com/immagini/prodotto429.jpg,386.48,38
1234567864975,SKU00429,Prodotto 430,Descrizione del prodotto 430,http://example.com/immagini/prodotto430.jpg,652.79,75
1234567893209,SKU00430,Prodotto 431,Descrizione del prodotto 431,http://example.com/immagini/prodotto431.jpg,397.72,45
1234567850001,SKU00431,Prodotto 432,Descrizione del prodotto 432,http://example.com/immagini/prodotto432.jpg,582.71,49
1234567826181,SKU00432,Prodotto 433,Descrizione del prodotto 433,http://example.com/immagini/prodotto433.jpg,754.66,26
1234567854814,SKU00433,Prodotto 434,Descrizione del prodotto 434,http://example.com/immagini/prodotto434.jpg,484.62,85
1234567857160,SKU00434,Prodotto 435,Descrizione del prodotto 435,http://example.com/immagini/prodotto435.jpg,11.17,47
1234567824489,SKU00435,Prodotto 436,Descrizione del prodotto 436,http://example.com/immagini/prodotto436.jpg,964.68,49
1234567822880,SKU00436,Prodotto 437,Descrizione del prodotto 437,http://example.com/immagini/prodotto437.jpg,964.16,60
1234567817950,SKU00437,Prodotto 438,Descrizione del prodotto 438,http://example.com/immagini/prodotto438.jpg,83.17,46
1234567859880,SKU00438,Prodotto 439,Descrizione del prodotto 439,http://example.com/immagini/prodotto439.jpg,274.21,27
1234567809834,SKU00439,Prodotto 440,Descrizione del prodotto 440,http://example.com/immagini/prodotto440.jpg,855.82,21
1234567844736,SKU00440,Prodotto 441,Descrizione del prodotto 441,http://example.com/immagini/prodotto441.jpg,983.03,59
1234567882312,SKU00441,Prodotto 442,Descrizione del prodotto 442,http://example.com/immagini/prodotto442.jpg,878.63,78
1234567813918,SKU00442,Prodotto 443,Descrizione del prodotto 443,http://example.com/immagini/prodotto443.jpg,754.28,95
1234567816762,SKU00443,Prodotto 444,Descrizione del prodotto 444,http://example.com/immagini/prodotto444.jpg,759.02,87
1234567835633,SKU00444,Prodotto 445,Descrizione del prodotto 445,http://example.com/immagini/prodotto445.jpg,967.21,68
1234567891709,SKU00445,Prodotto 446,Descrizione del prodotto 446,http://example.com/immagini/prodotto446.jpg,875.09,84
1234567889924,SKU00446,Prodotto 447,Descrizione del prodotto 447,http://example.com/immagini/prodotto447.jpg,774.58,20
1234567813053,SKU00447,Prodotto 448,Descrizione del prodotto 448,http://example.com/immagini/prodotto448.jpg,698.33,62
1234567806787,SKU00448,Prodotto 449,Descrizione del prodotto 449,http://example.com/immagini/prodotto449.jpg,420.97,82
1234567850548,SKU00449,Prodotto 450,Descrizione del prodotto 450,http://example.com/immagini/prodotto450.jpg,443.26,39
1234567889351,SKU00450,Prodotto 451,Descrizione del prodotto 451,http://example.com/immagini/prodotto451.jpg,693.31,31
1234567856298,SKU00451,Prodotto 452,Descrizione del prodotto 452,http://example.com/immagini/prodotto452.jpg,14.91,99
1234567864261,SKU00452,Prodotto 453,Descrizione del prodotto 453,http://example.com/immagini/prodotto453.jpg,563.95,78
1234567886123,SKU00453,Prodotto 454,Descrizione del prodotto 454,http://example.com/immagini/prodotto454.jpg,911.83,33
1234567848521,SKU00454,Prodotto 455,Descrizione del prodotto 455,http://example.com/immagini/prodotto455.jpg,609.38,55
1234567897889,SKU00455,Prodotto 456,Descrizione del prodotto 456,http://example.com/immagini/prodotto456.jpg,858.9,11
1234567849209,SKU00456,Prodotto 457,Descrizione del prodotto 457,http://example.com/immagini/prodotto457.jpg,42.65,49
1234567866087,SKU00457,Prodotto 458,Descrizione del prodotto 458,http://example.com/immagini/prodotto458.jpg,422.93,23
1234567831057,SKU00458,Prodotto 459,Descrizione del prodotto 459,http://example.com/immagini/prodotto459.jpg,887.56,70
1234567857388,SKU00459,Prodotto 460,Descrizione del prodotto 460,http://example.com/immagini/prodotto460.jpg,18.6,71
1234567831621,SKU00460,Prodotto 461,Descrizione del prodotto 461,http://example.com/immagini/prodotto461.jpg,824.43,55
1234567815796,SKU00461,Prodotto 462,Descrizione del prodotto 462,http://example.com/immagini/prodotto462.jpg,111.69,24
1234567868124,SKU00462,Prodotto 463,Descrizione del prodotto 463,http://example.com/immagini/prodotto463.jpg,741.42,97
1234567866654,SKU00463,Prodotto 464,Descrizione del prodotto 464,http://example.com/immagini/prodotto464.jpg,510.41,23
1234567898184,SKU00464,Prodotto 465,Descrizione del prodotto 465,http://example.com/immagini/prodotto465.jpg,203.6,32
1234567836462,SKU00465,Prodotto 466,Descrizione del prodotto 466,http://example.com/immagini/prodotto466.jpg,696.71,83
1234567894378,SKU00466,Prodotto 467,Descrizione del prodotto 467,http://example.com/immagini/prodotto467.jpg,487.89,43
1234567837909,SKU00467,Prodotto 468,Descrizione del prodotto 468,http://example.com/immagini/prodotto468.jpg,231.46,33
1234567837893,SKU00468,Prodotto 469,Descrizione del prodotto 469,http://example.com/immagini/prodotto469.jpg,375.75,84
1234567801417,SKU00469,Prodotto 470,Descrizione del prodotto 470,http://example.com/immagini/prodotto470.jpg,156.48,10
1234567818410,SKU00470,Prodotto 471,Descrizione del prodotto 471,http://example.com/immagini/prodotto471.jpg,415.49,10
1234567827187,SKU00471,Prodotto 472,Descrizione del prodotto 472,http://example.com/immagini/prodotto472.jpg,476.42,19
1234567877773,SKU00472,Prodotto 473,Descrizione del prodotto 473,http://example.com/immagini/prodotto473.jpg,147.5,77
1234567826193,SKU00473,Prodotto 474,Descrizione del prodotto 474,http://example.com/immagini/prodotto474.jpg,812.67,2
1234567891471,SKU00474,Prodotto 475,Descrizione del prodotto 475,http://example.com/immagini/prodotto475.jpg,68.95,90
1234567815223,SKU00475,Prodotto 476,Descrizione del prodotto 476,http://example.com/immagini/prodotto476.jpg,759.41,75
1234567824934,SKU00476,Prodotto 477,Descrizione del prodotto 477,http://example.com/immagini/prodotto477.jpg,54.84,94
1234567863375,SKU00477,Prodotto 478,Descrizione del prodotto 478,http://example.com/immagini/prodotto478.jpg,334.19,6
1234567822747,SKU00478,Prodotto 479,Descrizione del prodotto 479,http://example.com/immagini/prodotto479.jpg,927.27,69
1234567877877,SKU00479,Prodotto 480,Descrizione del prodotto 480,http://example.com/immagini/prodotto480.jpg,66.53,95
1234567861068,SKU00480,Prodotto 481,Descrizione del prodotto 481,http://example.com/immagini/prodotto481.jpg,17.51,15
1234567824971,SKU00481,Prodotto 482,Descrizione del prodotto 482,http://example.com/immagini/prodotto482.jpg,862.39,18
1234567884767,SKU00482,Prodotto 483,Descrizione del prodotto 483,http://example.com/immagini/prodotto483.jpg,466.29,13
1234567806141,SKU00483,Prodotto 484,Descrizione del prodotto 484,http://example.com/immagini/prodotto484.jpg,425.04,25
1234567826005,SKU00484,Prodotto 485,Descrizione del prodotto 485,http://example.com/immagini/prodotto485.jpg,514.92,52
1234567817672,SKU00485,Prodotto 486,Descrizione del prodotto 486,http://example.com/immagini/prodotto486.jpg,456.38,17
1234567875125,SKU00486,Prodotto 487,Descrizione del prodotto 487,http://example.com/immagini/prodotto487.jpg,766.28,27
1234567878534,SKU00487,Prodotto 488,Descrizione del prodotto 488,http://example.com/immagini/prodotto488.jpg,293.27,67
1234567833768,SKU00488,Prodotto 489,Descrizione del prodotto 489,http://example.com/immagini/prodotto489.jpg,453.86,34
1234567832300,SKU00489,Prodotto 490,Descrizione del prodotto 490,http://example.com/immagini/prodotto490.jpg,67.62,53
1234567850639,SKU00490,Prodotto 491,Descrizione del prodotto 491,http://example.com/immagini/prodotto491.jpg,428.1,81
1234567819988,SKU00491,Prodotto 492,Descrizione del prodotto 492,http://example.com/immagini/prodotto492.jpg,825.43,97
1234567837789,SKU00492,Prodotto 493,Descrizione del prodotto 493,http://example.com/immagini/prodotto493.jpg,139.68,75
1234567882259,SKU00493,Prodotto 494,Descrizione del prodotto 494,http://example.com/immagini/prodotto494.jpg,203.72,11
1234567867123,SKU00494,Prodotto 495,Descrizione del prodotto 495,http://example.com/immagini/prodotto495.jpg,138.66,36
1234567881164,SKU00495,Prodotto 496,Descrizione del prodotto 496,http://example.com/immagini/prodotto496.jpg,230.75,93
1234567835510,SKU00496,Prodotto 497,Descrizione del prodotto 497,http://example.com/immagini/prodotto497.jpg,582.62,40
1234567875714,SKU00497,Prodotto 498,Descrizione del prodotto 498,http://example.com/immagini/prodotto498.jpg,937.9,35
1234567898683,SKU00498,Prodotto 499,Descrizione del prodotto 499,http://example.com/immagini/prodotto499.jpg,457.68,69
1234567894398,SKU00499,Prodotto 500,Descrizione del prodotto 500,http://example.com/immagini/prodotto500.jpg,870.23,52
